incident_id,timestamp,service,region,severity,error_rate,latency_ms,cpu_util,mem_util,num_alerts,deploy_recent,log_message,risk_label
INC-10000,2026-01-01T00:00:00,PAYMENTS,us-west-2,P3,0.068,165,0.172,0.761,4,True,  connection timeout to upstream  ,low
INC-10001,2026-01-01T00:07:00,search,us-east-1,P4,0.313,251,0.557,0.494,1,True,  5xx spike from dependency  ,medium
INC-10002,2026-01-01T00:14:00,gateway,eu-west-1,P3,0.287,275,0.576,0.664,2,True,  latency SLO breach  ,medium
INC-10003,2026-01-01T00:21:00,search,us-east-1,P2,0.262,326,0.5,0.852,1,True,  OOMKilled pod restart  ,medium
INC-10004,2026-01-01T00:28:00,auth-api,eu-west-1,P3,0.225,333,0.42,0.461,6,True,  rate limit exceeded  ,medium
INC-10005,2026-01-01T00:35:00,payments,us-west-2,P4,0.449,571,0.405,0.547,0,False,  healthcheck failing  ,low
INC-10006,2026-01-01T00:42:00,billing,us-east-1,P1,0.056,320,0.584,0.159,7,False,  5xx spike from dependency  ,medium
INC-10007,2026-01-01T00:49:00,auth-api,eu-west-1,P2,0.379,117,0.941,0.495,2,True,  latency SLO breach  ,high
INC-10008,2026-01-01T00:56:00,search,us-west-2,P2,0.34,621,0.551,1.0,3,False,  connection timeout to upstream  ,medium
INC-10009,2026-01-01T01:03:00,billing,us-west-2,P1,0.577,723,0.664,0.565,0,False,  database connection pool exhausted  ,medium
INC-10010,2026-01-01T01:10:00,auth-api,us-west-2,P3,0.467,714,0.583,0.582,2,False,  5xx spike from dependency  ,medium
INC-10011,2026-01-01T01:17:00,PAYMENTS,us-east-1,P1,0.24,122,0.789,0.508,0,False,  5xx spike from dependency  ,medium
INC-10012,2026-01-01T01:24:00,billing,ap-south-1,P3,0.186,774,0.67,0.627,2,True,  OOMKilled pod restart  ,medium
INC-10013,2026-01-01T01:31:00,notifications,us-east-1,P2,0.041,495,0.898,0.444,4,True,  OOMKilled pod restart  ,medium
INC-10014,2026-01-01T01:38:00,auth-api,us-east-1,P3,0.483,718,0.543,0.579,1,True,  TLS handshake failure  ,medium
INC-10015,2026-01-01T01:45:00,notifications,eu-west-1,P3,0.118,516,0.857,0.859,3,False,  database connection pool exhausted  ,medium
INC-10016,2026-01-01T01:52:00,billing,us-east-1,P2,0.44,332,0.716,0.601,2,False,  5xx spike from dependency  ,medium
INC-10017,2026-01-01T01:59:00,billing,us-east-1,P2,0.289,330,0.318,0.685,1,False,  database connection pool exhausted  ,medium
INC-10018,2026-01-01T02:06:00,gateway,eu-west-1,P4,0.139,393,0.434,0.575,4,True,  healthcheck failing  ,medium
INC-10019,2026-01-01T02:13:00,billing,us-east-1,P1,0.605,946,0.93,0.968,4,False,  5xx spike from dependency  ,high
INC-10020,2026-01-01T02:20:00,auth-api,eu-west-1,P1,0.547,277,0.494,0.708,4,False,  latency SLO breach  ,medium
INC-10021,2026-01-01T02:27:00,notifications,us-west-2,P3,0.443,62,0.641,0.766,4,False,  database connection pool exhausted  ,medium
INC-10022,2026-01-01T02:34:00,PAYMENTS,us-east-1,P2,0.656,574,,0.404,6,False,  latency SLO breach  ,high
INC-10023,2026-01-01T02:41:00,billing,eu-west-1,P1,0.445,520,0.65,0.466,7,True,  connection timeout to upstream  ,high
INC-10024,2026-01-01T02:48:00,auth-api,us-west-2,P2,0.308,154,0.536,0.478,2,False,  TLS handshake failure  ,low
INC-10025,2026-01-01T02:55:00,payments,ap-south-1,P4,0.506,655,0.254,0.588,1,False,  rate limit exceeded  ,medium
INC-10026,2026-01-01T03:02:00,gateway,us-west-2,P3,0.213,242,0.365,0.483,3,False,  5xx spike from dependency  ,low
INC-10027,2026-01-01T03:09:00,auth-api,ap-south-1,P3,0.138,760,0.589,0.505,8,False,  rate limit exceeded  ,medium
INC-10028,2026-01-01T03:16:00,notifications,us-west-2,P4,0.358,628,0.794,0.879,0,False,  OOMKilled pod restart  ,medium
INC-10029,2026-01-01T03:23:00,notifications,ap-south-1,P3,0.469,36,0.31,0.649,1,False,  healthcheck failing  ,low
INC-10030,2026-01-01T03:30:00,auth-api,eu-west-1,P4,0.512,123,0.291,0.35,2,True,  latency SLO breach  ,medium
INC-10031,2026-01-01T03:37:00,notifications,ap-south-1,P3,0.096,617,0.738,0.672,1,True,  connection timeout to upstream  ,medium
INC-10032,2026-01-01T03:44:00,payments,ap-south-1,P4,0.353,649,0.49,0.596,0,False,  latency SLO breach  ,low
INC-10033,2026-01-01T03:51:00,GATEWAY,us-east-1,P3,0.303,685,1.0,0.355,0,False,  5xx spike from dependency  ,low
INC-10034,2026-01-01T03:58:00,notifications,eu-west-1,P3,0.268,453,0.723,0.612,1,False,  5xx spike from dependency  ,low
INC-10035,2026-01-01T04:05:00,notifications,eu-west-1,P1,0.114,477,0.443,0.508,2,False,  TLS handshake failure  ,medium
INC-10036,2026-01-01T04:12:00,notifications,ap-south-1,P2,0.504,516,0.529,0.754,3,False,  latency SLO breach  ,high
INC-10037,2026-01-01T04:19:00,search,us-east-1,P3,0.06,575,0.966,0.956,3,False,  TLS handshake failure  ,low
INC-10038,2026-01-01T04:26:00,gateway,eu-west-1,P1,0.266,615,0.41,0.664,4,False,  healthcheck failing  ,medium
INC-10039,2026-01-01T04:33:00,notifications,us-west-2,P3,0.218,502,0.281,0.486,1,True,  TLS handshake failure  ,medium
INC-10040,2026-01-01T04:40:00,payments,ap-south-1,P4,0.17,1006,0.581,0.847,4,False,  healthcheck failing  ,medium
INC-10041,2026-01-01T04:47:00,notifications,eu-west-1,P2,0.203,414,0.377,0.546,5,False,  database connection pool exhausted  ,medium
INC-10042,2026-01-01T04:54:00,billing,eu-west-1,P2,0.198,,0.422,0.643,5,False,  5xx spike from dependency  ,medium
INC-10043,2026-01-01T05:01:00,auth-api,us-east-1,P3,0.32,218,0.707,0.65,5,False,  database connection pool exhausted  ,medium
INC-10044,2026-01-01T05:08:00,AUTH-API,us-west-2,P3,0.479,,0.602,0.543,3,False,  OOMKilled pod restart  ,medium
INC-10045,2026-01-01T05:15:00,billing,ap-south-1,P1,0.191,5,0.296,0.389,0,True,  database connection pool exhausted  ,medium
INC-10046,2026-01-01T05:22:00,payments,us-east-1,P3,0.146,261,0.439,0.716,3,False,  rate limit exceeded  ,low
INC-10047,2026-01-01T05:29:00,payments,ap-south-1,P2,0.131,502,0.376,0.223,3,False,  5xx spike from dependency  ,low
INC-10048,2026-01-01T05:36:00,gateway,ap-south-1,P3,0.493,397,0.29,0.578,4,False,  database connection pool exhausted  ,medium
INC-10049,2026-01-01T05:43:00,gateway,eu-west-1,P1,0.075,399,0.979,0.85,4,False,  connection timeout to upstream  ,medium
INC-10050,2026-01-01T05:50:00,notifications,eu-west-1,P4,0.15,667,0.546,0.786,0,False,  TLS handshake failure  ,low
INC-10051,2026-01-01T05:57:00,notifications,us-east-1,P3,0.199,5,0.341,0.539,2,False,  healthcheck failing  ,low
INC-10052,2026-01-01T06:04:00,gateway,ap-south-1,P3,0.105,410,0.415,0.207,1,False,  5xx spike from dependency  ,low
INC-10053,2026-01-01T06:11:00,payments,ap-south-1,P4,0.736,463,0.611,0.941,6,False,  database connection pool exhausted  ,high
INC-10054,2026-01-01T06:18:00,notifications,eu-west-1,P3,0.175,662,0.438,0.861,0,True,  database connection pool exhausted  ,medium
INC-10055,2026-01-01T06:25:00,SEARCH,us-west-2,P2,0.332,215,0.371,0.56,0,False,  latency SLO breach  ,low
INC-10056,2026-01-01T06:32:00,payments,ap-south-1,P3,0.36,273,0.199,0.399,4,False,  connection timeout to upstream  ,medium
INC-10057,2026-01-01T06:39:00,search,eu-west-1,P3,0.19,862,0.661,0.61,6,True,  rate limit exceeded  ,medium
INC-10058,2026-01-01T06:46:00,auth-api,us-west-2,P3,0.375,238,0.841,0.622,0,True,  database connection pool exhausted  ,medium
INC-10059,2026-01-01T06:53:00,search,ap-south-1,P3,0.055,393,0.401,0.235,6,True,  OOMKilled pod restart  ,medium
INC-10060,2026-01-01T07:00:00,payments,ap-south-1,P2,0.351,210,0.425,0.514,0,False,  database connection pool exhausted  ,low
INC-10061,2026-01-01T07:07:00,notifications,eu-west-1,P4,0.258,493,1.0,0.42,1,False,  latency SLO breach  ,medium
INC-10062,2026-01-01T07:14:00,gateway,us-east-1,P4,0.288,866,0.602,0.582,3,False,  healthcheck failing  ,medium
INC-10063,2026-01-01T07:21:00,auth-api,us-east-1,P4,0.233,5,0.549,0.902,3,True,  database connection pool exhausted  ,low
INC-10064,2026-01-01T07:28:00,search,eu-west-1,P4,0.097,279,0.734,0.696,6,False,  OOMKilled pod restart  ,medium
INC-10065,2026-01-01T07:35:00,notifications,eu-west-1,P3,0.533,866,0.657,0.577,6,False,  5xx spike from dependency  ,medium
INC-10066,2026-01-01T07:42:00,PAYMENTS,ap-south-1,P4,0.035,244,0.316,0.788,0,True,  connection timeout to upstream  ,low
INC-10067,2026-01-01T07:49:00,notifications,us-east-1,P3,0.301,5,0.462,0.352,3,True,  5xx spike from dependency  ,medium
INC-10068,2026-01-01T07:56:00,gateway,us-east-1,P2,0.342,297,0.315,0.353,1,False,  healthcheck failing  ,low
INC-10069,2026-01-01T08:03:00,auth-api,ap-south-1,P2,0.406,7,,0.985,0,False,  database connection pool exhausted  ,medium
INC-10070,2026-01-01T08:10:00,payments,us-west-2,P2,0.12,187,0.34,0.914,3,True,  5xx spike from dependency  ,medium
INC-10071,2026-01-01T08:17:00,auth-api,us-west-2,P3,0.417,121,1.0,0.547,0,True,  connection timeout to upstream  ,medium
INC-10072,2026-01-01T08:24:00,notifications,us-west-2,P3,0.619,468,0.597,0.438,3,False,  connection timeout to upstream  ,medium
INC-10073,2026-01-01T08:31:00,auth-api,eu-west-1,P3,0.437,5,0.671,0.445,5,False,  OOMKilled pod restart  ,medium
INC-10074,2026-01-01T08:38:00,gateway,us-east-1,P1,0.176,707,0.542,0.365,3,True,  latency SLO breach  ,medium
INC-10075,2026-01-01T08:45:00,notifications,us-east-1,P3,0.48,622,0.842,0.521,2,True,  TLS handshake failure  ,medium
INC-10076,2026-01-01T08:52:00,gateway,us-east-1,P4,0.296,,0.68,0.448,0,False,  database connection pool exhausted  ,low
INC-10077,2026-01-01T08:59:00,BILLING,us-east-1,P3,0.221,262,0.658,0.458,3,False,  database connection pool exhausted  ,low
INC-10078,2026-01-01T09:06:00,billing,us-west-2,P1,0.273,347,0.487,0.573,0,True,  rate limit exceeded  ,medium
INC-10079,2026-01-01T09:13:00,gateway,ap-south-1,P3,0.388,510,0.661,0.634,0,True,  healthcheck failing  ,medium
INC-10080,2026-01-01T09:20:00,payments,ap-south-1,P3,0.244,688,0.743,0.416,1,True,  connection timeout to upstream  ,medium
INC-10081,2026-01-01T09:27:00,gateway,eu-west-1,P2,0.149,410,0.548,0.488,0,False,  5xx spike from dependency  ,medium
INC-10082,2026-01-01T09:34:00,notifications,us-east-1,P3,0.437,297,0.745,0.388,4,True,  TLS handshake failure  ,high
INC-10083,2026-01-01T09:41:00,payments,eu-west-1,P3,0.408,935,0.364,0.672,6,False,  OOMKilled pod restart  ,medium
INC-10084,2026-01-01T09:48:00,search,us-west-2,P1,0.469,26,0.956,0.538,2,True,  OOMKilled pod restart  ,medium
INC-10085,2026-01-01T09:55:00,billing,eu-west-1,P3,0.142,146,0.564,0.404,5,False,  TLS handshake failure  ,low
INC-10086,2026-01-01T10:02:00,search,us-east-1,P2,0.105,679,0.632,0.527,5,True,  5xx spike from dependency  ,medium
INC-10087,2026-01-01T10:09:00,search,us-east-1,P3,0.219,203,0.451,0.784,3,True,  OOMKilled pod restart  ,medium
INC-10088,2026-01-01T10:16:00,AUTH-API,eu-west-1,P1,0.392,33,0.888,0.364,5,False,  5xx spike from dependency  ,medium
INC-10089,2026-01-01T10:23:00,payments,us-east-1,P3,0.275,,0.32,0.256,1,False,  database connection pool exhausted  ,medium
INC-10090,2026-01-01T10:30:00,billing,eu-west-1,P3,0.516,1209,0.327,0.668,2,False,  connection timeout to upstream  ,medium
INC-10091,2026-01-01T10:37:00,search,us-west-2,P2,0.31,519,0.826,0.783,5,True,  rate limit exceeded  ,medium
INC-10092,2026-01-01T10:44:00,billing,eu-west-1,P2,0.124,386,0.491,0.411,5,False,  healthcheck failing  ,medium
INC-10093,2026-01-01T10:51:00,notifications,us-west-2,P4,0.575,583,0.355,0.517,3,False,  latency SLO breach  ,low
INC-10094,2026-01-01T10:58:00,payments,eu-west-1,P4,0.103,290,0.519,0.799,0,True,  healthcheck failing  ,low
INC-10095,2026-01-01T11:05:00,gateway,eu-west-1,P3,0.263,320,0.744,0.594,7,False,  OOMKilled pod restart  ,medium
INC-10096,2026-01-01T11:12:00,payments,ap-south-1,P2,0.152,324,0.34,0.673,3,True,  5xx spike from dependency  ,medium
INC-10097,2026-01-01T11:19:00,gateway,us-west-2,P2,0.148,218,0.672,0.419,0,False,  database connection pool exhausted  ,low
INC-10098,2026-01-01T11:26:00,billing,us-east-1,P3,0.37,982,0.828,0.8,4,False,  rate limit exceeded  ,medium
INC-10099,2026-01-01T11:33:00,PAYMENTS,us-east-1,P3,0.265,346,0.566,0.863,5,False,  TLS handshake failure  ,medium
INC-10100,2026-01-01T11:40:00,auth-api,us-west-2,P3,0.386,434,0.483,0.633,0,True,  connection timeout to upstream  ,medium
INC-10101,2026-01-01T11:47:00,search,ap-south-1,P3,0.737,,0.46,0.949,5,True,  rate limit exceeded  ,high
INC-10102,2026-01-01T11:54:00,search,us-east-1,P4,0.279,385,0.47,0.332,0,False,  5xx spike from dependency  ,low
INC-10103,2026-01-01T12:01:00,auth-api,us-east-1,P3,0.425,584,0.486,0.208,1,False,  rate limit exceeded  ,low
INC-10104,2026-01-01T12:08:00,billing,us-east-1,P3,0.436,491,0.566,0.631,1,False,  OOMKilled pod restart  ,low
INC-10105,2026-01-01T12:15:00,notifications,us-east-1,P3,0.43,5,0.461,0.49,5,False,  database connection pool exhausted  ,medium
INC-10106,2026-01-01T12:22:00,gateway,ap-south-1,P4,0.362,567,0.549,0.646,3,True,  5xx spike from dependency  ,medium
INC-10107,2026-01-01T12:29:00,search,us-west-2,P4,0.359,5,0.514,0.7,2,True,  5xx spike from dependency  ,low
INC-10108,2026-01-01T12:36:00,gateway,ap-south-1,P4,0.264,,0.539,0.65,2,False,  rate limit exceeded  ,low
INC-10109,2026-01-01T12:43:00,auth-api,us-east-1,P1,0.306,5,0.604,0.347,5,False,  OOMKilled pod restart  ,high
INC-10110,2026-01-01T12:50:00,SEARCH,us-west-2,P3,0.189,197,0.531,0.705,3,False,  database connection pool exhausted  ,low
INC-10111,2026-01-01T12:57:00,auth-api,us-east-1,P3,0.456,327,0.698,0.506,3,False,  database connection pool exhausted  ,medium
INC-10112,2026-01-01T13:04:00,gateway,ap-south-1,P3,0.397,255,0.431,0.799,2,False,  database connection pool exhausted  ,low
INC-10113,2026-01-01T13:11:00,search,us-east-1,P2,0.291,509,0.663,0.479,4,False,  TLS handshake failure  ,medium
INC-10114,2026-01-01T13:18:00,search,eu-west-1,P2,0.19,870,0.416,0.198,5,False,  latency SLO breach  ,medium
INC-10115,2026-01-01T13:25:00,notifications,ap-south-1,P3,0.581,107,0.029,0.584,3,True,  database connection pool exhausted  ,medium
INC-10116,2026-01-01T13:32:00,billing,ap-south-1,P3,0.464,136,0.702,0.678,5,True,  database connection pool exhausted  ,high
INC-10117,2026-01-01T13:39:00,auth-api,us-east-1,P3,0.136,89,0.372,0.539,4,False,  connection timeout to upstream  ,medium
INC-10118,2026-01-01T13:46:00,gateway,eu-west-1,P2,0.221,178,0.533,0.519,2,False,  TLS handshake failure  ,low
INC-10119,2026-01-01T13:53:00,gateway,us-east-1,P3,0.643,386,0.71,0.719,1,False,  healthcheck failing  ,medium
INC-10120,2026-01-01T14:00:00,notifications,us-west-2,P2,0.343,671,,0.316,2,False,  latency SLO breach  ,medium
INC-10121,2026-01-01T14:07:00,AUTH-API,us-west-2,P2,0.068,519,0.258,0.766,6,False,  latency SLO breach  ,medium
INC-10122,2026-01-01T14:14:00,search,ap-south-1,P3,0.24,40,0.464,0.783,0,False,  latency SLO breach  ,low
INC-10123,2026-01-01T14:21:00,gateway,eu-west-1,P2,0.57,,0.465,0.406,0,False,  database connection pool exhausted  ,medium
INC-10124,2026-01-01T14:28:00,payments,eu-west-1,P2,0.452,348,0.37,0.47,3,False,  database connection pool exhausted  ,medium
INC-10125,2026-01-01T14:35:00,auth-api,us-west-2,P3,0.166,662,0.745,0.66,2,False,  rate limit exceeded  ,low
INC-10126,2026-01-01T14:42:00,auth-api,us-west-2,P3,0.437,798,0.674,0.525,1,False,  rate limit exceeded  ,medium
INC-10127,2026-01-01T14:49:00,search,ap-south-1,P4,0.119,295,0.57,0.583,2,False,  healthcheck failing  ,low
INC-10128,2026-01-01T14:56:00,search,eu-west-1,P4,0.159,203,0.833,0.429,0,True,  latency SLO breach  ,medium
INC-10129,2026-01-01T15:03:00,payments,ap-south-1,P4,0.684,839,0.594,0.691,2,True,  database connection pool exhausted  ,medium
INC-10130,2026-01-01T15:10:00,billing,eu-west-1,P4,0.522,,0.483,0.714,4,False,  5xx spike from dependency  ,low
INC-10131,2026-01-01T15:17:00,gateway,us-west-2,P3,0.166,5,0.743,0.588,1,False,  latency SLO breach  ,low
INC-10132,2026-01-01T15:24:00,PAYMENTS,us-west-2,P3,0.326,39,,0.858,5,False,  OOMKilled pod restart  ,medium
INC-10133,2026-01-01T15:31:00,notifications,eu-west-1,P2,0.283,,0.629,0.415,0,True,  connection timeout to upstream  ,medium
INC-10134,2026-01-01T15:38:00,notifications,us-east-1,P3,0.46,349,0.61,1.0,2,True,  database connection pool exhausted  ,medium
INC-10135,2026-01-01T15:45:00,gateway,eu-west-1,P4,0.28,631,0.712,0.503,1,False,  5xx spike from dependency  ,low
INC-10136,2026-01-01T15:52:00,billing,ap-south-1,P2,0.239,453,0.551,0.519,5,False,  latency SLO breach  ,medium
INC-10137,2026-01-01T15:59:00,billing,us-east-1,P2,0.119,630,0.576,0.579,3,True,  latency SLO breach  ,medium
INC-10138,2026-01-01T16:06:00,search,eu-west-1,P4,0.328,677,0.632,0.519,6,False,  latency SLO breach  ,medium
INC-10139,2026-01-01T16:13:00,search,ap-south-1,P3,0.325,531,0.871,0.328,1,False,  TLS handshake failure  ,low
INC-10140,2026-01-01T16:20:00,auth-api,ap-south-1,P3,0.347,410,0.693,0.663,2,False,  rate limit exceeded  ,medium
INC-10141,2026-01-01T16:27:00,billing,us-east-1,P2,0.074,352,0.818,0.759,3,False,  5xx spike from dependency  ,medium
INC-10142,2026-01-01T16:34:00,gateway,us-east-1,P2,0.42,553,0.418,0.63,2,False,  healthcheck failing  ,medium
INC-10143,2026-01-01T16:41:00,NOTIFICATIONS,us-east-1,P4,0.287,202,0.267,0.655,2,False,  healthcheck failing  ,low
INC-10144,2026-01-01T16:48:00,gateway,ap-south-1,P4,0.252,670,0.302,0.827,3,False,  database connection pool exhausted  ,medium
INC-10145,2026-01-01T16:55:00,payments,eu-west-1,P3,0.45,582,0.533,0.934,5,False,  OOMKilled pod restart  ,medium
INC-10146,2026-01-01T17:02:00,auth-api,us-east-1,P2,0.182,693,0.485,0.638,2,False,  rate limit exceeded  ,medium
INC-10147,2026-01-01T17:09:00,billing,ap-south-1,P1,0.135,668,0.248,0.281,5,True,  connection timeout to upstream  ,medium
INC-10148,2026-01-01T17:16:00,billing,us-west-2,P1,0.485,314,0.349,0.705,2,False,  latency SLO breach  ,medium
INC-10149,2026-01-01T17:23:00,gateway,us-east-1,P4,0.21,685,0.02,0.382,3,False,  5xx spike from dependency  ,low
INC-10150,2026-01-01T17:30:00,auth-api,us-east-1,P3,0.199,819,0.742,0.501,1,False,  latency SLO breach  ,medium
INC-10151,2026-01-01T17:37:00,payments,us-west-2,P4,0.467,888,0.758,0.463,7,True,  rate limit exceeded  ,high
INC-10152,2026-01-01T17:44:00,gateway,us-east-1,P4,0.183,262,0.326,0.38,5,False,  TLS handshake failure  ,medium
INC-10153,2026-01-01T17:51:00,gateway,ap-south-1,P4,0.275,488,0.363,0.61,4,False,  5xx spike from dependency  ,low
INC-10154,2026-01-01T17:58:00,AUTH-API,us-east-1,P4,0.36,81,0.79,0.701,4,False,  database connection pool exhausted  ,low
INC-10155,2026-01-01T18:05:00,notifications,us-east-1,P2,0.087,544,0.619,0.647,0,False,  database connection pool exhausted  ,low
INC-10156,2026-01-01T18:12:00,search,ap-south-1,P3,0.433,413,0.792,0.557,1,True,  OOMKilled pod restart  ,medium
INC-10157,2026-01-01T18:19:00,notifications,eu-west-1,P3,0.357,,0.36,0.429,3,True,  rate limit exceeded  ,medium
INC-10158,2026-01-01T18:26:00,search,us-west-2,P4,0.139,533,0.533,0.412,7,True,  rate limit exceeded  ,medium
INC-10159,2026-01-01T18:33:00,billing,us-west-2,P3,0.364,359,0.631,0.436,4,False,  connection timeout to upstream  ,medium
INC-10160,2026-01-01T18:40:00,gateway,eu-west-1,P4,0.284,237,0.204,0.652,1,False,  latency SLO breach  ,low
INC-10161,2026-01-01T18:47:00,search,us-east-1,P3,0.208,544,0.107,0.513,4,True,  5xx spike from dependency  ,medium
INC-10162,2026-01-01T18:54:00,notifications,us-east-1,P4,0.323,774,0.519,0.357,4,False,  connection timeout to upstream  ,medium
INC-10163,2026-01-01T19:01:00,notifications,us-east-1,P4,0.411,502,0.256,0.662,2,False,  database connection pool exhausted  ,low
INC-10164,2026-01-01T19:08:00,gateway,us-east-1,P3,0.284,134,0.582,0.548,1,True,  connection timeout to upstream  ,medium
INC-10165,2026-01-01T19:15:00,PAYMENTS,us-west-2,P3,0.186,106,0.687,0.795,4,False,  rate limit exceeded  ,medium
INC-10166,2026-01-01T19:22:00,billing,us-east-1,P3,0.437,573,0.554,0.55,6,False,  OOMKilled pod restart  ,medium
INC-10167,2026-01-01T19:29:00,search,us-east-1,P2,0.412,523,0.69,0.71,1,False,  OOMKilled pod restart  ,medium
INC-10168,2026-01-01T19:36:00,billing,us-west-2,P3,0.196,142,0.724,0.432,2,False,  OOMKilled pod restart  ,low
INC-10169,2026-01-01T19:43:00,gateway,ap-south-1,P3,0.302,408,0.79,0.85,5,False,  rate limit exceeded  ,medium
INC-10170,2026-01-01T19:50:00,billing,ap-south-1,P4,0.243,411,,0.623,4,False,  5xx spike from dependency  ,low
INC-10171,2026-01-01T19:57:00,auth-api,ap-south-1,P3,0.455,312,0.259,0.733,2,False,  database connection pool exhausted  ,low
INC-10172,2026-01-01T20:04:00,payments,us-west-2,P3,0.583,202,0.452,0.538,0,True,  latency SLO breach  ,medium
INC-10173,2026-01-01T20:11:00,notifications,us-east-1,P3,0.313,94,0.122,0.565,3,False,  database connection pool exhausted  ,low
INC-10174,2026-01-01T20:18:00,search,ap-south-1,P4,0.159,600,0.252,0.507,0,False,  rate limit exceeded  ,low
INC-10175,2026-01-01T20:25:00,gateway,us-east-1,P4,0.129,505,0.217,0.923,2,False,  healthcheck failing  ,low
INC-10176,2026-01-01T20:32:00,BILLING,us-west-2,P3,0.292,857,0.476,0.441,3,True,  healthcheck failing  ,medium
INC-10177,2026-01-01T20:39:00,search,us-east-1,P4,0.069,5,0.02,0.86,6,True,  TLS handshake failure  ,low
INC-10178,2026-01-01T20:46:00,auth-api,us-west-2,P2,0.336,267,0.841,0.626,5,False,  healthcheck failing  ,high
INC-10179,2026-01-01T20:53:00,auth-api,us-east-1,P3,0.304,557,0.747,0.387,1,True,  TLS handshake failure  ,medium
INC-10180,2026-01-01T21:00:00,payments,ap-south-1,P3,0.13,163,0.316,0.811,4,False,  TLS handshake failure  ,low
INC-10181,2026-01-01T21:07:00,search,us-east-1,P2,0.403,53,0.383,0.505,4,True,  latency SLO breach  ,medium
INC-10182,2026-01-01T21:14:00,gateway,ap-south-1,P3,0.249,611,0.311,0.531,5,False,  database connection pool exhausted  ,low
INC-10183,2026-01-01T21:21:00,notifications,ap-south-1,P4,0.231,52,0.928,0.763,4,True,  TLS handshake failure  ,medium
INC-10184,2026-01-01T21:28:00,gateway,ap-south-1,P3,0.126,520,0.992,0.772,2,True,  rate limit exceeded  ,medium
INC-10185,2026-01-01T21:35:00,gateway,us-east-1,P3,0.407,301,0.655,0.913,1,False,  database connection pool exhausted  ,medium
INC-10186,2026-01-01T21:42:00,gateway,us-west-2,P3,0.437,233,0.441,0.585,0,True,  connection timeout to upstream  ,medium
INC-10187,2026-01-01T21:49:00,NOTIFICATIONS,eu-west-1,P3,0.589,929,0.581,0.46,5,True,  5xx spike from dependency  ,medium
INC-10188,2026-01-01T21:56:00,auth-api,us-west-2,P2,0.505,472,0.651,0.656,0,False,  connection timeout to upstream  ,medium
INC-10189,2026-01-01T22:03:00,search,us-west-2,P2,0.4,536,0.709,0.422,5,False,  rate limit exceeded  ,medium
INC-10190,2026-01-01T22:10:00,notifications,us-east-1,P4,0.19,361,0.492,0.636,5,True,  healthcheck failing  ,medium
INC-10191,2026-01-01T22:17:00,payments,us-west-2,P3,0.109,78,0.621,0.312,3,False,  OOMKilled pod restart  ,low
INC-10192,2026-01-01T22:24:00,gateway,eu-west-1,P1,0.286,840,0.208,0.863,3,False,  5xx spike from dependency  ,medium
INC-10193,2026-01-01T22:31:00,billing,us-east-1,P3,0.284,1086,0.667,0.447,4,False,  OOMKilled pod restart  ,medium
INC-10194,2026-01-01T22:38:00,gateway,eu-west-1,P3,0.435,541,0.672,0.843,0,False,  TLS handshake failure  ,low
INC-10195,2026-01-01T22:45:00,notifications,eu-west-1,P4,0.217,,0.385,0.649,4,False,  healthcheck failing  ,medium
INC-10196,2026-01-01T22:52:00,payments,eu-west-1,P2,0.089,,0.496,0.682,1,True,  rate limit exceeded  ,low
INC-10197,2026-01-01T22:59:00,payments,us-west-2,P2,0.182,,0.199,0.677,3,False,  latency SLO breach  ,medium
INC-10198,2026-01-01T23:06:00,NOTIFICATIONS,us-west-2,P4,0.195,374,0.916,0.665,3,False,  5xx spike from dependency  ,medium
INC-10199,2026-01-01T23:13:00,payments,us-west-2,P3,0.102,135,0.637,0.438,5,True,  database connection pool exhausted  ,medium
INC-10200,2026-01-01T23:20:00,billing,us-west-2,P2,0.414,315,0.528,0.582,4,True,  connection timeout to upstream  ,high
INC-10201,2026-01-01T23:27:00,notifications,eu-west-1,P3,0.34,370,0.491,0.715,5,True,  latency SLO breach  ,medium
INC-10202,2026-01-01T23:34:00,notifications,eu-west-1,P4,0.136,473,0.516,0.727,2,False,  OOMKilled pod restart  ,low
INC-10203,2026-01-01T23:41:00,notifications,eu-west-1,P4,0.678,699,0.794,0.525,1,False,  OOMKilled pod restart  ,medium
INC-10204,2026-01-01T23:48:00,search,us-east-1,P3,0.139,958,0.552,0.629,4,False,  connection timeout to upstream  ,medium
INC-10205,2026-01-01T23:55:00,payments,ap-south-1,P2,0.126,712,0.467,0.346,1,True,  healthcheck failing  ,medium
INC-10206,2026-01-02T00:02:00,gateway,eu-west-1,P3,0.11,,0.412,0.505,2,True,  OOMKilled pod restart  ,medium
INC-10207,2026-01-02T00:09:00,auth-api,ap-south-1,P4,0.24,413,0.622,0.743,3,False,  OOMKilled pod restart  ,low
INC-10208,2026-01-02T00:16:00,auth-api,eu-west-1,P3,0.11,851,0.465,0.46,0,True,  latency SLO breach  ,medium
INC-10209,2026-01-02T00:23:00,GATEWAY,us-west-2,P2,0.236,493,0.461,0.576,0,False,  OOMKilled pod restart  ,medium
INC-10210,2026-01-02T00:30:00,search,ap-south-1,P3,0.08,512,0.473,0.983,5,False,  connection timeout to upstream  ,low
INC-10211,2026-01-02T00:37:00,search,us-west-2,P3,0.303,552,0.336,0.723,5,False,  5xx spike from dependency  ,medium
INC-10212,2026-01-02T00:44:00,auth-api,us-west-2,P1,0.455,212,0.623,0.472,0,True,  OOMKilled pod restart  ,medium
INC-10213,2026-01-02T00:51:00,payments,ap-south-1,P3,0.114,5,0.523,0.857,1,False,  connection timeout to upstream  ,low
INC-10214,2026-01-02T00:58:00,billing,us-west-2,P2,0.34,405,0.253,0.742,3,False,  connection timeout to upstream  ,medium
INC-10215,2026-01-02T01:05:00,billing,us-west-2,P3,0.31,,0.47,0.611,5,False,  5xx spike from dependency  ,low
INC-10216,2026-01-02T01:12:00,gateway,us-west-2,P4,0.378,426,0.605,0.84,4,True,  database connection pool exhausted  ,medium
INC-10217,2026-01-02T01:19:00,notifications,us-east-1,P4,0.088,764,0.107,0.55,6,False,  rate limit exceeded  ,low
INC-10218,2026-01-02T01:26:00,gateway,ap-south-1,P2,0.488,511,0.158,0.869,0,True,  healthcheck failing  ,medium
INC-10219,2026-01-02T01:33:00,auth-api,eu-west-1,P2,0.601,446,0.478,0.716,2,False,  database connection pool exhausted  ,medium
INC-10220,2026-01-02T01:40:00,GATEWAY,ap-south-1,P3,0.449,429,0.717,0.588,0,True,  5xx spike from dependency  ,medium
INC-10221,2026-01-02T01:47:00,billing,us-east-1,P4,0.282,559,0.433,0.59,2,True,  OOMKilled pod restart  ,medium
INC-10222,2026-01-02T01:54:00,gateway,us-east-1,P2,0.593,739,0.396,0.55,6,False,  connection timeout to upstream  ,high
INC-10223,2026-01-02T02:01:00,payments,us-west-2,P3,0.207,689,0.592,0.532,3,False,  latency SLO breach  ,medium
INC-10224,2026-01-02T02:08:00,auth-api,us-west-2,P3,0.451,403,0.523,0.821,1,False,  database connection pool exhausted  ,low
INC-10225,2026-01-02T02:15:00,billing,us-east-1,P4,0.247,23,0.414,0.632,2,False,  connection timeout to upstream  ,low
INC-10226,2026-01-02T02:22:00,gateway,eu-west-1,P3,0.412,237,0.443,0.651,3,False,  database connection pool exhausted  ,medium
INC-10227,2026-01-02T02:29:00,gateway,us-east-1,P4,0.141,792,0.673,0.295,0,False,  healthcheck failing  ,low
INC-10228,2026-01-02T02:36:00,billing,ap-south-1,P4,0.203,315,0.298,0.707,5,True,  TLS handshake failure  ,low
INC-10229,2026-01-02T02:43:00,search,us-west-2,P4,0.136,377,0.56,0.486,2,True,  database connection pool exhausted  ,low
INC-10230,2026-01-02T02:50:00,auth-api,ap-south-1,P3,0.489,181,0.353,0.452,1,True,  database connection pool exhausted  ,low
INC-10231,2026-01-02T02:57:00,AUTH-API,us-west-2,P2,0.199,662,0.637,0.9,1,False,  rate limit exceeded  ,medium
INC-10232,2026-01-02T03:04:00,payments,us-east-1,P3,0.272,475,0.734,0.758,3,False,  connection timeout to upstream  ,medium
INC-10233,2026-01-02T03:11:00,billing,eu-west-1,P3,0.244,264,0.736,0.891,2,False,  rate limit exceeded  ,medium
INC-10234,2026-01-02T03:18:00,gateway,us-east-1,P4,0.205,676,0.789,0.507,2,False,  rate limit exceeded  ,low
INC-10235,2026-01-02T03:25:00,notifications,us-west-2,P3,0.054,265,0.854,0.634,1,False,  latency SLO breach  ,low
INC-10236,2026-01-02T03:32:00,gateway,us-east-1,P3,0.303,357,0.821,0.821,5,True,  database connection pool exhausted  ,high
INC-10237,2026-01-02T03:39:00,notifications,eu-west-1,P2,0.148,477,0.502,0.456,5,True,  latency SLO breach  ,medium
INC-10238,2026-01-02T03:46:00,search,us-west-2,P1,0.26,464,0.62,0.312,2,True,  healthcheck failing  ,high
INC-10239,2026-01-02T03:53:00,auth-api,us-east-1,P3,0.246,385,0.605,0.452,2,False,  OOMKilled pod restart  ,low
INC-10240,2026-01-02T04:00:00,notifications,eu-west-1,P3,0.149,479,0.489,0.645,1,False,  rate limit exceeded  ,low
INC-10241,2026-01-02T04:07:00,billing,us-east-1,P3,0.217,134,0.292,0.625,0,False,  OOMKilled pod restart  ,low
INC-10242,2026-01-02T04:14:00,GATEWAY,us-west-2,P3,0.296,377,0.524,0.749,1,False,  TLS handshake failure  ,low
INC-10243,2026-01-02T04:21:00,auth-api,us-west-2,P3,0.26,354,0.478,0.521,4,False,  healthcheck failing  ,low
INC-10244,2026-01-02T04:28:00,notifications,ap-south-1,P4,0.373,249,0.634,0.287,3,False,  TLS handshake failure  ,medium
INC-10245,2026-01-02T04:35:00,search,eu-west-1,P3,0.198,598,0.425,0.496,1,False,  connection timeout to upstream  ,low
INC-10246,2026-01-02T04:42:00,gateway,eu-west-1,P4,0.369,291,0.577,0.594,2,False,  TLS handshake failure  ,low
INC-10247,2026-01-02T04:49:00,payments,eu-west-1,P2,0.093,326,0.451,0.526,4,False,  5xx spike from dependency  ,medium
INC-10248,2026-01-02T04:56:00,auth-api,us-east-1,P4,0.052,614,0.411,0.419,1,False,  rate limit exceeded  ,low
INC-10249,2026-01-02T05:03:00,gateway,us-west-2,P3,0.476,156,0.216,0.38,1,False,  database connection pool exhausted  ,low
INC-10250,2026-01-02T05:10:00,billing,us-west-2,P3,0.193,5,0.52,0.451,2,False,  latency SLO breach  ,low
INC-10251,2026-01-02T05:17:00,gateway,ap-south-1,P3,0.528,783,0.345,0.385,3,False,  database connection pool exhausted  ,medium
INC-10252,2026-01-02T05:24:00,gateway,eu-west-1,P4,0.404,480,0.572,0.566,6,False,  OOMKilled pod restart  ,medium
INC-10253,2026-01-02T05:31:00,GATEWAY,us-east-1,P2,0.39,75,0.413,0.55,3,True,  rate limit exceeded  ,medium
INC-10254,2026-01-02T05:38:00,billing,us-west-2,P3,0.177,722,0.276,0.839,1,False,  latency SLO breach  ,low
INC-10255,2026-01-02T05:45:00,search,ap-south-1,P3,0.144,550,0.32,0.7,4,True,  OOMKilled pod restart  ,medium
INC-10256,2026-01-02T05:52:00,payments,us-east-1,P1,0.317,478,0.305,0.853,4,False,  OOMKilled pod restart  ,medium
INC-10257,2026-01-02T05:59:00,gateway,us-east-1,P1,0.196,556,0.616,0.895,0,False,  5xx spike from dependency  ,medium
INC-10258,2026-01-02T06:06:00,notifications,eu-west-1,P3,0.232,766,,0.427,7,False,  database connection pool exhausted  ,medium
INC-10259,2026-01-02T06:13:00,billing,us-east-1,P4,0.296,446,0.448,0.471,3,False,  5xx spike from dependency  ,low
INC-10260,2026-01-02T06:20:00,auth-api,us-west-2,P2,0.295,529,0.911,0.814,0,False,  connection timeout to upstream  ,medium
INC-10261,2026-01-02T06:27:00,auth-api,ap-south-1,P1,0.066,456,0.572,0.738,0,False,  5xx spike from dependency  ,medium
INC-10262,2026-01-02T06:34:00,search,us-east-1,P3,0.277,370,0.476,0.677,2,False,  database connection pool exhausted  ,low
INC-10263,2026-01-02T06:41:00,gateway,eu-west-1,P3,0.36,132,0.273,0.804,0,True,  connection timeout to upstream  ,low
INC-10264,2026-01-02T06:48:00,SEARCH,us-west-2,P3,0.726,5,0.438,0.499,6,False,  rate limit exceeded  ,high
INC-10265,2026-01-02T06:55:00,billing,ap-south-1,P2,0.195,127,0.427,0.395,6,False,  5xx spike from dependency  ,medium
INC-10266,2026-01-02T07:02:00,payments,eu-west-1,P2,0.06,336,0.642,0.554,2,False,  healthcheck failing  ,low
INC-10267,2026-01-02T07:09:00,notifications,eu-west-1,P3,0.369,505,0.532,0.608,3,False,  TLS handshake failure  ,medium
INC-10268,2026-01-02T07:16:00,payments,us-west-2,P2,0.43,291,0.788,0.711,5,False,  database connection pool exhausted  ,medium
INC-10269,2026-01-02T07:23:00,billing,ap-south-1,P4,0.531,50,0.249,0.453,3,True,  OOMKilled pod restart  ,medium
INC-10270,2026-01-02T07:30:00,billing,us-west-2,P3,0.122,108,0.603,0.431,4,False,  OOMKilled pod restart  ,low
INC-10271,2026-01-02T07:37:00,auth-api,us-west-2,P4,0.294,452,0.461,0.698,2,False,  TLS handshake failure  ,low
INC-10272,2026-01-02T07:44:00,billing,us-west-2,P3,0.823,923,0.868,0.504,1,False,  rate limit exceeded  ,medium
INC-10273,2026-01-02T07:51:00,billing,us-east-1,P3,0.547,203,0.364,0.583,4,False,  OOMKilled pod restart  ,medium
INC-10274,2026-01-02T07:58:00,search,us-east-1,P3,0.214,586,0.777,0.708,0,False,  healthcheck failing  ,low
INC-10275,2026-01-02T08:05:00,PAYMENTS,eu-west-1,P3,0.453,145,0.46,0.547,0,True,  OOMKilled pod restart  ,medium
INC-10276,2026-01-02T08:12:00,notifications,ap-south-1,P3,0.21,335,0.182,0.719,2,False,  OOMKilled pod restart  ,low
INC-10277,2026-01-02T08:19:00,notifications,ap-south-1,P2,0.291,652,0.7,0.838,5,True,  OOMKilled pod restart  ,high
INC-10278,2026-01-02T08:26:00,billing,us-east-1,P2,0.153,466,0.623,0.354,3,True,  5xx spike from dependency  ,medium
INC-10279,2026-01-02T08:33:00,notifications,ap-south-1,P3,0.396,414,0.359,0.576,5,True,  TLS handshake failure  ,medium
INC-10280,2026-01-02T08:40:00,billing,ap-south-1,P3,0.358,589,,0.639,6,True,  database connection pool exhausted  ,high
INC-10281,2026-01-02T08:47:00,search,eu-west-1,P4,0.713,764,0.484,0.455,2,False,  rate limit exceeded  ,medium
INC-10282,2026-01-02T08:54:00,search,eu-west-1,P3,0.374,,0.468,0.7,5,False,  rate limit exceeded  ,medium
INC-10283,2026-01-02T09:01:00,gateway,us-east-1,P3,0.361,5,0.595,0.778,1,False,  OOMKilled pod restart  ,medium
INC-10284,2026-01-02T09:08:00,gateway,ap-south-1,P3,0.248,313,0.499,0.586,4,False,  rate limit exceeded  ,low
INC-10285,2026-01-02T09:15:00,auth-api,us-west-2,P4,0.233,200,0.426,0.645,1,True,  OOMKilled pod restart  ,low
INC-10286,2026-01-02T09:22:00,AUTH-API,eu-west-1,P3,0.283,276,0.371,0.61,3,False,  TLS handshake failure  ,low
INC-10287,2026-01-02T09:29:00,billing,eu-west-1,P2,0.131,776,0.497,0.676,1,False,  healthcheck failing  ,medium
INC-10288,2026-01-02T09:36:00,auth-api,ap-south-1,P4,0.241,131,0.607,0.564,2,True,  latency SLO breach  ,medium
INC-10289,2026-01-02T09:43:00,search,us-west-2,P3,0.039,238,0.379,0.304,7,False,  database connection pool exhausted  ,medium
INC-10290,2026-01-02T09:50:00,billing,eu-west-1,P2,0.547,417,0.698,0.587,4,False,  OOMKilled pod restart  ,medium
INC-10291,2026-01-02T09:57:00,billing,eu-west-1,P1,0.026,275,0.881,0.378,1,True,  rate limit exceeded  ,medium
INC-10292,2026-01-02T10:04:00,auth-api,ap-south-1,P2,0.232,114,0.49,0.385,4,True,  TLS handshake failure  ,medium
INC-10293,2026-01-02T10:11:00,notifications,ap-south-1,P2,0.293,364,0.41,0.56,0,False,  latency SLO breach  ,medium
INC-10294,2026-01-02T10:18:00,payments,ap-south-1,P3,0.465,5,0.308,0.471,0,False,  rate limit exceeded  ,low
INC-10295,2026-01-02T10:25:00,search,us-east-1,P4,0.295,823,0.771,0.442,1,False,  rate limit exceeded  ,low
INC-10296,2026-01-02T10:32:00,search,eu-west-1,P1,0.182,739,0.738,0.59,4,False,  connection timeout to upstream  ,medium
INC-10297,2026-01-02T10:39:00,NOTIFICATIONS,us-east-1,P3,0.294,522,0.712,0.581,1,False,  rate limit exceeded  ,medium
INC-10298,2026-01-02T10:46:00,auth-api,us-west-2,P3,0.164,635,0.459,0.46,1,False,  TLS handshake failure  ,low
INC-10299,2026-01-02T10:53:00,payments,us-east-1,P2,0.237,616,0.674,0.47,0,False,  OOMKilled pod restart  ,low
INC-10300,2026-01-02T11:00:00,auth-api,ap-south-1,P4,0.308,458,0.631,0.94,4,False,  5xx spike from dependency  ,medium
INC-10301,2026-01-02T11:07:00,notifications,ap-south-1,P1,0.177,610,0.429,0.582,4,False,  database connection pool exhausted  ,medium
INC-10302,2026-01-02T11:14:00,billing,eu-west-1,P3,0.115,5,0.64,0.738,1,False,  TLS handshake failure  ,low
INC-10303,2026-01-02T11:21:00,notifications,eu-west-1,P1,0.195,420,0.658,0.712,0,False,  connection timeout to upstream  ,medium
INC-10304,2026-01-02T11:28:00,gateway,ap-south-1,P4,0.359,594,0.933,0.474,3,False,  rate limit exceeded  ,medium
INC-10305,2026-01-02T11:35:00,auth-api,us-west-2,P3,0.263,499,0.51,0.858,1,True,  OOMKilled pod restart  ,medium
INC-10306,2026-01-02T11:42:00,auth-api,eu-west-1,P2,0.434,418,0.587,0.812,3,True,  database connection pool exhausted  ,high
INC-10307,2026-01-02T11:49:00,payments,us-east-1,P1,0.11,589,0.336,0.801,3,False,  database connection pool exhausted  ,medium
INC-10308,2026-01-02T11:56:00,NOTIFICATIONS,us-west-2,P4,0.128,,0.208,0.822,5,True,  connection timeout to upstream  ,medium
INC-10309,2026-01-02T12:03:00,auth-api,eu-west-1,P1,0.409,787,0.658,0.559,2,False,  healthcheck failing  ,medium
INC-10310,2026-01-02T12:10:00,auth-api,us-east-1,P3,0.262,331,0.658,0.585,3,False,  healthcheck failing  ,medium
INC-10311,2026-01-02T12:17:00,billing,us-east-1,P4,0.14,265,0.882,0.542,4,True,  OOMKilled pod restart  ,medium
INC-10312,2026-01-02T12:24:00,search,us-east-1,P3,0.174,716,0.346,0.774,3,False,  healthcheck failing  ,low
INC-10313,2026-01-02T12:31:00,billing,us-west-2,P3,0.269,91,0.156,0.671,0,True,  healthcheck failing  ,low
INC-10314,2026-01-02T12:38:00,gateway,ap-south-1,P2,0.207,889,0.596,0.622,1,False,  latency SLO breach  ,low
INC-10315,2026-01-02T12:45:00,payments,us-east-1,P3,0.301,355,0.476,0.59,3,False,  healthcheck failing  ,low
INC-10316,2026-01-02T12:52:00,auth-api,us-west-2,P2,0.061,162,0.362,0.721,3,False,  healthcheck failing  ,medium
INC-10317,2026-01-02T12:59:00,gateway,us-east-1,P3,0.281,194,0.706,0.312,5,False,  database connection pool exhausted  ,medium
INC-10318,2026-01-02T13:06:00,billing,ap-south-1,P1,0.282,276,0.636,0.471,0,False,  5xx spike from dependency  ,medium
INC-10319,2026-01-02T13:13:00,SEARCH,eu-west-1,P3,0.574,73,0.325,0.534,1,False,  TLS handshake failure  ,low
INC-10320,2026-01-02T13:20:00,search,ap-south-1,P4,0.162,418,0.801,0.439,4,False,  healthcheck failing  ,low
INC-10321,2026-01-02T13:27:00,billing,us-west-2,P1,0.422,398,0.588,0.753,3,False,  5xx spike from dependency  ,medium
INC-10322,2026-01-02T13:34:00,gateway,us-east-1,P1,0.254,448,0.913,0.752,4,False,  TLS handshake failure  ,medium
INC-10323,2026-01-02T13:41:00,search,eu-west-1,P4,0.228,251,0.449,0.877,2,True,  rate limit exceeded  ,medium
INC-10324,2026-01-02T13:48:00,auth-api,eu-west-1,P3,0.641,369,0.532,0.63,1,True,  OOMKilled pod restart  ,medium
INC-10325,2026-01-02T13:55:00,gateway,us-east-1,P2,0.355,742,0.23,0.731,4,False,  rate limit exceeded  ,medium
INC-10326,2026-01-02T14:02:00,gateway,us-west-2,P2,0.193,235,0.566,0.415,4,False,  latency SLO breach  ,medium
INC-10327,2026-01-02T14:09:00,notifications,us-west-2,P3,0.427,588,0.513,0.578,0,False,  healthcheck failing  ,medium
INC-10328,2026-01-02T14:16:00,auth-api,eu-west-1,P1,0.435,851,0.371,0.613,2,False,  healthcheck failing  ,medium
INC-10329,2026-01-02T14:23:00,gateway,us-east-1,P4,0.115,440,0.103,0.208,1,False,  database connection pool exhausted  ,low
INC-10330,2026-01-02T14:30:00,GATEWAY,eu-west-1,P2,0.167,381,0.529,0.49,4,False,  5xx spike from dependency  ,medium
INC-10331,2026-01-02T14:37:00,auth-api,us-east-1,P3,0.206,460,0.424,0.577,0,False,  latency SLO breach  ,low
INC-10332,2026-01-02T14:44:00,search,ap-south-1,P4,0.161,131,1.0,0.743,2,True,  connection timeout to upstream  ,medium
INC-10333,2026-01-02T14:51:00,billing,us-west-2,P2,0.336,190,0.251,0.565,5,False,  rate limit exceeded  ,medium
INC-10334,2026-01-02T14:58:00,payments,ap-south-1,P4,0.448,554,0.171,0.498,5,False,  OOMKilled pod restart  ,low
INC-10335,2026-01-02T15:05:00,notifications,eu-west-1,P2,0.06,131,0.61,0.515,4,False,  healthcheck failing  ,medium
INC-10336,2026-01-02T15:12:00,billing,us-west-2,P4,0.406,450,0.648,1.0,3,False,  latency SLO breach  ,medium
INC-10337,2026-01-02T15:19:00,notifications,us-west-2,P1,0.4,457,0.624,0.71,0,False,  latency SLO breach  ,medium
INC-10338,2026-01-02T15:26:00,notifications,eu-west-1,P4,0.081,218,0.59,0.557,3,False,  rate limit exceeded  ,low
INC-10339,2026-01-02T15:33:00,notifications,us-east-1,P3,0.215,134,0.193,0.701,9,False,  rate limit exceeded  ,medium
INC-10340,2026-01-02T15:40:00,auth-api,us-west-2,P3,0.423,242,0.903,0.417,3,False,  healthcheck failing  ,medium
INC-10341,2026-01-02T15:47:00,NOTIFICATIONS,us-east-1,P4,0.184,159,0.43,0.634,0,True,  database connection pool exhausted  ,low
INC-10342,2026-01-02T15:54:00,gateway,us-west-2,P3,0.495,728,0.72,0.549,2,False,  rate limit exceeded  ,medium
INC-10343,2026-01-02T16:01:00,payments,us-east-1,P2,0.328,376,0.713,0.649,2,True,  OOMKilled pod restart  ,medium
INC-10344,2026-01-02T16:08:00,gateway,ap-south-1,P4,0.062,5,0.553,0.437,1,True,  healthcheck failing  ,low
INC-10345,2026-01-02T16:15:00,auth-api,eu-west-1,P3,0.151,454,0.579,0.549,4,True,  TLS handshake failure  ,medium
INC-10346,2026-01-02T16:22:00,notifications,eu-west-1,P4,0.107,106,0.353,0.338,1,True,  connection timeout to upstream  ,low
INC-10347,2026-01-02T16:29:00,billing,us-west-2,P3,0.249,516,0.521,0.693,2,False,  latency SLO breach  ,low
INC-10348,2026-01-02T16:36:00,billing,eu-west-1,P3,0.091,20,0.581,1.0,0,True,  database connection pool exhausted  ,low
INC-10349,2026-01-02T16:43:00,auth-api,us-east-1,P3,0.115,270,0.424,0.605,0,False,  connection timeout to upstream  ,low
INC-10350,2026-01-02T16:50:00,gateway,us-west-2,P3,0.579,334,0.581,0.409,5,True,  database connection pool exhausted  ,high
INC-10351,2026-01-02T16:57:00,search,ap-south-1,P3,0.471,,0.344,0.742,6,True,  healthcheck failing  ,medium
INC-10352,2026-01-02T17:04:00,BILLING,eu-west-1,P4,0.322,180,0.508,0.639,0,False,  TLS handshake failure  ,low
INC-10353,2026-01-02T17:11:00,payments,us-east-1,P3,0.323,383,0.447,0.748,1,False,  database connection pool exhausted  ,low
INC-10354,2026-01-02T17:18:00,auth-api,eu-west-1,P4,0.223,421,0.769,0.72,2,True,  connection timeout to upstream  ,medium
INC-10355,2026-01-02T17:25:00,auth-api,us-west-2,P3,0.046,5,,0.465,0,True,  latency SLO breach  ,low
INC-10356,2026-01-02T17:32:00,auth-api,us-east-1,P4,0.261,747,0.424,0.536,2,False,  database connection pool exhausted  ,medium
INC-10357,2026-01-02T17:39:00,billing,us-east-1,P3,0.201,459,0.593,0.334,2,True,  latency SLO breach  ,medium
INC-10358,2026-01-02T17:46:00,auth-api,us-west-2,P3,0.149,263,0.495,0.457,6,False,  connection timeout to upstream  ,low
INC-10359,2026-01-02T17:53:00,payments,us-east-1,P2,0.113,468,0.232,0.412,2,True,  healthcheck failing  ,medium
INC-10360,2026-01-02T18:00:00,payments,eu-west-1,P3,0.075,266,0.817,0.621,0,False,  TLS handshake failure  ,low
INC-10361,2026-01-02T18:07:00,billing,us-west-2,P3,0.477,643,0.366,0.626,1,False,  5xx spike from dependency  ,medium
INC-10362,2026-01-02T18:14:00,auth-api,eu-west-1,P3,0.376,244,0.47,0.604,4,False,  latency SLO breach  ,medium
INC-10363,2026-01-02T18:21:00,BILLING,ap-south-1,P4,0.245,92,0.508,0.538,5,False,  TLS handshake failure  ,low
INC-10364,2026-01-02T18:28:00,gateway,us-east-1,P3,0.073,32,0.561,0.88,4,False,  OOMKilled pod restart  ,low
INC-10365,2026-01-02T18:35:00,gateway,eu-west-1,P2,0.452,167,0.441,0.905,1,False,  5xx spike from dependency  ,low
INC-10366,2026-01-02T18:42:00,search,us-east-1,P3,0.227,896,0.714,0.607,2,False,  database connection pool exhausted  ,medium
INC-10367,2026-01-02T18:49:00,search,ap-south-1,P4,0.268,263,0.267,0.526,1,False,  OOMKilled pod restart  ,low
INC-10368,2026-01-02T18:56:00,notifications,ap-south-1,P2,0.053,28,0.095,0.664,3,False,  OOMKilled pod restart  ,low
INC-10369,2026-01-02T19:03:00,billing,eu-west-1,P4,0.252,474,0.226,0.603,2,False,  connection timeout to upstream  ,low
INC-10370,2026-01-02T19:10:00,search,ap-south-1,P4,0.482,349,0.447,0.539,0,False,  5xx spike from dependency  ,low
INC-10371,2026-01-02T19:17:00,auth-api,ap-south-1,P2,0.301,349,0.295,0.542,0,False,  healthcheck failing  ,low
INC-10372,2026-01-02T19:24:00,gateway,eu-west-1,P3,0.293,461,0.392,0.997,3,False,  connection timeout to upstream  ,low
INC-10373,2026-01-02T19:31:00,search,us-east-1,P3,0.372,161,0.86,0.746,2,True,  5xx spike from dependency  ,medium
INC-10374,2026-01-02T19:38:00,PAYMENTS,us-west-2,P3,0.495,413,,0.554,2,False,  healthcheck failing  ,medium
INC-10375,2026-01-02T19:45:00,notifications,ap-south-1,P3,0.501,142,0.586,0.55,2,True,  healthcheck failing  ,medium
INC-10376,2026-01-02T19:52:00,notifications,ap-south-1,P3,0.416,321,0.332,0.823,6,True,  TLS handshake failure  ,high
INC-10377,2026-01-02T19:59:00,payments,eu-west-1,P1,0.36,309,0.283,0.796,2,False,  OOMKilled pod restart  ,medium
INC-10378,2026-01-02T20:06:00,auth-api,us-west-2,P3,0.079,160,0.808,0.599,3,False,  5xx spike from dependency  ,low
INC-10379,2026-01-02T20:13:00,auth-api,ap-south-1,P4,0.06,277,0.967,0.522,2,False,  database connection pool exhausted  ,low
INC-10380,2026-01-02T20:20:00,search,eu-west-1,P4,0.299,438,0.392,0.765,3,False,  OOMKilled pod restart  ,low
INC-10381,2026-01-02T20:27:00,auth-api,us-east-1,P4,0.344,506,0.566,0.475,0,False,  5xx spike from dependency  ,low
INC-10382,2026-01-02T20:34:00,search,ap-south-1,P1,0.725,394,0.543,0.774,3,True,  connection timeout to upstream  ,high
INC-10383,2026-01-02T20:41:00,billing,eu-west-1,P3,0.184,342,0.534,0.596,6,False,  TLS handshake failure  ,medium
INC-10384,2026-01-02T20:48:00,auth-api,ap-south-1,P3,0.232,642,0.657,0.627,0,True,  latency SLO breach  ,medium
INC-10385,2026-01-02T20:55:00,NOTIFICATIONS,us-east-1,P2,0.243,636,0.57,0.645,9,True,  database connection pool exhausted  ,high
INC-10386,2026-01-02T21:02:00,billing,us-west-2,P3,0.166,486,0.833,0.177,2,False,  latency SLO breach  ,low
INC-10387,2026-01-02T21:09:00,payments,us-east-1,P2,0.303,368,0.58,0.651,1,False,  5xx spike from dependency  ,medium
INC-10388,2026-01-02T21:16:00,gateway,us-west-2,P2,0.551,152,0.874,0.586,0,True,  TLS handshake failure  ,high
INC-10389,2026-01-02T21:23:00,auth-api,us-west-2,P4,0.491,20,0.284,0.741,0,False,  5xx spike from dependency  ,low
INC-10390,2026-01-02T21:30:00,search,ap-south-1,P4,0.489,426,0.562,0.852,1,False,  healthcheck failing  ,low
INC-10391,2026-01-02T21:37:00,auth-api,us-west-2,P3,0.554,241,0.06,0.6,0,True,  latency SLO breach  ,low
INC-10392,2026-01-02T21:44:00,payments,us-east-1,P2,0.341,229,0.515,0.634,0,True,  OOMKilled pod restart  ,medium
INC-10393,2026-01-02T21:51:00,auth-api,us-east-1,P3,0.316,,0.503,0.788,1,False,  connection timeout to upstream  ,medium
INC-10394,2026-01-02T21:58:00,gateway,eu-west-1,P4,0.143,715,0.354,0.466,2,True,  latency SLO breach  ,medium
INC-10395,2026-01-02T22:05:00,notifications,us-west-2,P1,0.463,181,0.324,0.638,3,False,  rate limit exceeded  ,medium
INC-10396,2026-01-02T22:12:00,NOTIFICATIONS,ap-south-1,P3,0.306,367,0.594,0.467,2,True,  rate limit exceeded  ,medium
INC-10397,2026-01-02T22:19:00,notifications,us-west-2,P4,0.297,601,0.806,1.0,3,False,  healthcheck failing  ,medium
INC-10398,2026-01-02T22:26:00,billing,us-east-1,P4,0.141,246,0.783,0.787,1,True,  rate limit exceeded  ,medium
INC-10399,2026-01-02T22:33:00,payments,us-west-2,P3,0.214,391,0.408,0.639,2,False,  TLS handshake failure  ,low
INC-10400,2026-01-02T22:40:00,payments,ap-south-1,P2,0.369,257,0.172,0.599,2,False,  OOMKilled pod restart  ,medium
INC-10401,2026-01-02T22:47:00,billing,us-west-2,P3,0.564,167,0.524,0.64,1,False,  5xx spike from dependency  ,medium
INC-10402,2026-01-02T22:54:00,search,us-west-2,P3,0.209,346,0.599,0.451,4,True,  5xx spike from dependency  ,medium
INC-10403,2026-01-02T23:01:00,search,eu-west-1,P2,0.18,239,0.556,0.236,2,False,  database connection pool exhausted  ,low
INC-10404,2026-01-02T23:08:00,search,ap-south-1,P3,0.284,5,0.547,0.382,3,False,  TLS handshake failure  ,medium
INC-10405,2026-01-02T23:15:00,billing,us-east-1,P4,0.117,5,0.674,0.692,2,False,  database connection pool exhausted  ,low
INC-10406,2026-01-02T23:22:00,billing,eu-west-1,P3,0.392,395,0.508,0.614,3,False,  rate limit exceeded  ,low
INC-10407,2026-01-02T23:29:00,PAYMENTS,ap-south-1,P4,0.271,226,0.3,0.661,4,False,  TLS handshake failure  ,low
INC-10408,2026-01-02T23:36:00,gateway,us-west-2,P4,0.326,351,0.391,0.939,2,False,  OOMKilled pod restart  ,low
INC-10409,2026-01-02T23:43:00,payments,eu-west-1,P3,0.177,472,0.72,0.634,1,False,  5xx spike from dependency  ,medium
INC-10410,2026-01-02T23:50:00,gateway,eu-west-1,P4,0.366,390,0.567,0.565,0,True,  healthcheck failing  ,medium
INC-10411,2026-01-02T23:57:00,payments,ap-south-1,P4,0.639,5,0.842,0.668,3,False,  TLS handshake failure  ,medium
INC-10412,2026-01-03T00:04:00,gateway,us-east-1,P1,0.065,585,0.487,0.822,3,False,  rate limit exceeded  ,medium
INC-10413,2026-01-03T00:11:00,auth-api,us-west-2,P3,0.138,605,0.436,0.706,0,False,  healthcheck failing  ,medium
INC-10414,2026-01-03T00:18:00,payments,us-west-2,P4,0.361,723,0.356,0.307,4,False,  database connection pool exhausted  ,low
INC-10415,2026-01-03T00:25:00,payments,ap-south-1,P4,0.089,479,0.331,0.717,2,True,  database connection pool exhausted  ,low
INC-10416,2026-01-03T00:32:00,gateway,ap-south-1,P3,0.037,140,0.469,0.612,3,True,  5xx spike from dependency  ,low
INC-10417,2026-01-03T00:39:00,billing,ap-south-1,P3,0.364,5,0.441,1.0,6,False,  database connection pool exhausted  ,medium
INC-10418,2026-01-03T00:46:00,GATEWAY,us-west-2,P3,0.424,5,0.374,0.633,3,True,  TLS handshake failure  ,medium
INC-10419,2026-01-03T00:53:00,gateway,eu-west-1,P3,0.138,570,0.827,0.768,0,False,  database connection pool exhausted  ,low
INC-10420,2026-01-03T01:00:00,payments,us-east-1,P3,0.362,701,0.57,0.455,4,True,  latency SLO breach  ,medium
INC-10421,2026-01-03T01:07:00,auth-api,ap-south-1,P2,0.491,545,0.554,0.512,2,False,  TLS handshake failure  ,medium
INC-10422,2026-01-03T01:14:00,payments,us-west-2,P3,0.126,419,0.368,0.589,2,False,  OOMKilled pod restart  ,low
INC-10423,2026-01-03T01:21:00,auth-api,us-east-1,P2,0.043,201,0.837,0.654,1,False,  database connection pool exhausted  ,low
INC-10424,2026-01-03T01:28:00,billing,us-west-2,P3,0.484,737,0.157,0.758,2,True,  5xx spike from dependency  ,medium
INC-10425,2026-01-03T01:35:00,gateway,ap-south-1,P1,0.207,591,0.025,0.488,4,False,  TLS handshake failure  ,medium
INC-10426,2026-01-03T01:42:00,search,us-east-1,P3,0.256,660,0.525,0.417,2,False,  healthcheck failing  ,medium
INC-10427,2026-01-03T01:49:00,notifications,us-west-2,P4,0.655,486,0.672,0.698,1,False,  rate limit exceeded  ,medium
INC-10428,2026-01-03T01:56:00,gateway,us-east-1,P2,0.085,792,,0.515,3,False,  5xx spike from dependency  ,medium
INC-10429,2026-01-03T02:03:00,BILLING,eu-west-1,P3,0.091,598,,0.839,2,False,  rate limit exceeded  ,low
INC-10430,2026-01-03T02:10:00,gateway,us-east-1,P3,0.517,608,0.711,0.652,7,True,  5xx spike from dependency  ,high
INC-10431,2026-01-03T02:17:00,search,ap-south-1,P2,0.403,400,0.569,0.336,0,False,  healthcheck failing  ,medium
INC-10432,2026-01-03T02:24:00,notifications,ap-south-1,P3,0.295,467,0.02,0.666,2,False,  healthcheck failing  ,low
INC-10433,2026-01-03T02:31:00,billing,ap-south-1,P3,0.588,434,0.474,0.765,3,False,  healthcheck failing  ,medium
INC-10434,2026-01-03T02:38:00,search,eu-west-1,P3,0.207,421,0.387,0.823,4,True,  connection timeout to upstream  ,medium
INC-10435,2026-01-03T02:45:00,search,us-east-1,P3,0.276,51,0.555,0.732,2,False,  TLS handshake failure  ,low
INC-10436,2026-01-03T02:52:00,search,ap-south-1,P2,0.26,139,0.531,0.801,3,True,  rate limit exceeded  ,medium
INC-10437,2026-01-03T02:59:00,gateway,us-east-1,P3,0.39,501,0.49,0.506,1,True,  latency SLO breach  ,medium
INC-10438,2026-01-03T03:06:00,auth-api,ap-south-1,P2,0.075,395,0.462,0.645,2,True,  rate limit exceeded  ,medium
INC-10439,2026-01-03T03:13:00,payments,us-east-1,P3,0.212,831,0.613,0.774,1,False,  OOMKilled pod restart  ,low
INC-10440,2026-01-03T03:20:00,BILLING,us-east-1,P3,0.117,684,0.455,0.368,0,False,  latency SLO breach  ,low
INC-10441,2026-01-03T03:27:00,gateway,us-west-2,P2,0.406,506,0.585,0.542,3,False,  database connection pool exhausted  ,medium
INC-10442,2026-01-03T03:34:00,auth-api,us-west-2,P3,0.266,462,0.385,0.05,3,False,  OOMKilled pod restart  ,low
INC-10443,2026-01-03T03:41:00,search,us-east-1,P4,0.159,460,0.49,0.29,7,True,  rate limit exceeded  ,medium
INC-10444,2026-01-03T03:48:00,gateway,eu-west-1,P4,0.41,500,0.427,0.409,1,True,  healthcheck failing  ,medium
INC-10445,2026-01-03T03:55:00,search,us-east-1,P2,0.253,277,0.451,0.647,5,False,  healthcheck failing  ,high
INC-10446,2026-01-03T04:02:00,search,eu-west-1,P3,0.38,404,,0.622,1,False,  connection timeout to upstream  ,low
INC-10447,2026-01-03T04:09:00,gateway,us-east-1,P1,0.654,5,0.478,0.479,0,False,  latency SLO breach  ,medium
INC-10448,2026-01-03T04:16:00,payments,ap-south-1,P4,0.262,396,0.637,0.658,1,True,  TLS handshake failure  ,medium
INC-10449,2026-01-03T04:23:00,auth-api,us-west-2,P3,0.033,106,0.347,0.634,4,False,  database connection pool exhausted  ,low
INC-10450,2026-01-03T04:30:00,gateway,us-west-2,P3,0.147,343,0.564,0.844,3,False,  connection timeout to upstream  ,low
INC-10451,2026-01-03T04:37:00,SEARCH,ap-south-1,P3,0.089,605,0.715,0.333,4,False,  healthcheck failing  ,low
INC-10452,2026-01-03T04:44:00,billing,us-west-2,P4,0.107,379,0.632,0.479,4,False,  connection timeout to upstream  ,medium
INC-10453,2026-01-03T04:51:00,billing,us-east-1,P3,0.289,218,0.378,0.711,2,False,  connection timeout to upstream  ,low
INC-10454,2026-01-03T04:58:00,search,ap-south-1,P4,0.268,690,0.764,0.731,6,False,  rate limit exceeded  ,medium
INC-10455,2026-01-03T05:05:00,gateway,ap-south-1,P3,0.41,759,0.511,0.736,0,False,  5xx spike from dependency  ,low
INC-10456,2026-01-03T05:12:00,auth-api,us-east-1,P1,0.094,,0.244,0.588,1,True,  TLS handshake failure  ,medium
INC-10457,2026-01-03T05:19:00,gateway,eu-west-1,P3,0.243,281,0.558,0.583,1,False,  OOMKilled pod restart  ,low
INC-10458,2026-01-03T05:26:00,payments,eu-west-1,P4,0.394,864,0.376,0.706,4,False,  5xx spike from dependency  ,low
INC-10459,2026-01-03T05:33:00,payments,ap-south-1,P3,0.145,1038,,0.58,4,False,  connection timeout to upstream  ,medium
INC-10460,2026-01-03T05:40:00,gateway,ap-south-1,P2,0.074,278,0.57,0.766,1,False,  healthcheck failing  ,low
INC-10461,2026-01-03T05:47:00,billing,us-west-2,P4,0.18,421,0.49,0.975,0,False,  rate limit exceeded  ,low
INC-10462,2026-01-03T05:54:00,AUTH-API,eu-west-1,P4,0.308,249,1.0,0.725,4,False,  OOMKilled pod restart  ,medium
INC-10463,2026-01-03T06:01:00,gateway,us-west-2,P4,0.347,450,0.521,0.647,1,False,  latency SLO breach  ,low
INC-10464,2026-01-03T06:08:00,auth-api,us-west-2,P4,0.454,560,0.634,0.619,6,False,  OOMKilled pod restart  ,medium
INC-10465,2026-01-03T06:15:00,payments,ap-south-1,P3,0.148,563,0.774,0.461,2,False,  healthcheck failing  ,low
INC-10466,2026-01-03T06:22:00,search,ap-south-1,P4,0.296,528,0.294,0.426,3,True,  latency SLO breach  ,low
INC-10467,2026-01-03T06:29:00,search,us-west-2,P4,0.486,83,0.866,0.754,1,False,  rate limit exceeded  ,medium
INC-10468,2026-01-03T06:36:00,billing,us-east-1,P2,0.071,227,0.33,0.597,4,True,  5xx spike from dependency  ,medium
INC-10469,2026-01-03T06:43:00,payments,us-west-2,P4,0.299,121,0.56,0.403,3,False,  OOMKilled pod restart  ,low
INC-10470,2026-01-03T06:50:00,gateway,ap-south-1,P1,0.698,763,0.574,0.422,3,False,  database connection pool exhausted  ,medium
INC-10471,2026-01-03T06:57:00,auth-api,us-west-2,P3,0.412,5,0.574,0.621,3,False,  healthcheck failing  ,medium
INC-10472,2026-01-03T07:04:00,payments,us-west-2,P3,0.325,476,0.708,0.401,3,True,  healthcheck failing  ,medium
INC-10473,2026-01-03T07:11:00,NOTIFICATIONS,eu-west-1,P4,0.308,336,0.574,0.607,0,False,  connection timeout to upstream  ,low
INC-10474,2026-01-03T07:18:00,search,us-east-1,P3,0.25,517,0.339,0.551,0,False,  database connection pool exhausted  ,low
INC-10475,2026-01-03T07:25:00,payments,eu-west-1,P3,0.328,238,0.713,0.619,3,True,  healthcheck failing  ,medium
INC-10476,2026-01-03T07:32:00,gateway,us-east-1,P2,0.159,527,0.206,0.74,0,True,  healthcheck failing  ,medium
INC-10477,2026-01-03T07:39:00,billing,us-east-1,P3,0.15,520,0.96,0.642,2,False,  5xx spike from dependency  ,medium
INC-10478,2026-01-03T07:46:00,payments,us-east-1,P3,0.101,837,0.536,0.637,0,False,  connection timeout to upstream  ,low
INC-10479,2026-01-03T07:53:00,search,us-west-2,P3,0.071,280,0.576,0.553,5,False,  database connection pool exhausted  ,medium
INC-10480,2026-01-03T08:00:00,notifications,eu-west-1,P4,0.485,520,0.644,0.903,2,True,  database connection pool exhausted  ,medium
INC-10481,2026-01-03T08:07:00,notifications,ap-south-1,P3,0.379,396,0.555,0.412,3,False,  TLS handshake failure  ,medium
INC-10482,2026-01-03T08:14:00,notifications,us-east-1,P4,0.204,605,0.627,0.348,4,False,  OOMKilled pod restart  ,low
INC-10483,2026-01-03T08:21:00,search,us-east-1,P3,0.397,350,0.303,0.757,1,False,  database connection pool exhausted  ,low
INC-10484,2026-01-03T08:28:00,GATEWAY,ap-south-1,P4,0.371,666,0.368,0.457,1,True,  latency SLO breach  ,medium
INC-10485,2026-01-03T08:35:00,gateway,us-west-2,P3,0.137,,0.416,0.568,1,True,  connection timeout to upstream  ,medium
INC-10486,2026-01-03T08:42:00,gateway,eu-west-1,P1,0.563,291,0.02,0.649,3,False,  5xx spike from dependency  ,high
INC-10487,2026-01-03T08:49:00,billing,us-west-2,P2,0.206,507,0.755,0.092,0,False,  TLS handshake failure  ,low
INC-10488,2026-01-03T08:56:00,search,ap-south-1,P2,0.351,106,0.777,0.771,4,True,  5xx spike from dependency  ,high
INC-10489,2026-01-03T09:03:00,search,ap-south-1,P3,0.168,609,0.815,0.727,0,False,  rate limit exceeded  ,low
INC-10490,2026-01-03T09:10:00,billing,us-east-1,P4,0.312,554,0.753,0.402,3,False,  latency SLO breach  ,low
INC-10491,2026-01-03T09:17:00,search,eu-west-1,P2,0.472,417,0.698,0.71,2,True,  database connection pool exhausted  ,high
INC-10492,2026-01-03T09:24:00,auth-api,us-east-1,P2,0.032,596,0.484,0.576,4,False,  TLS handshake failure  ,medium
INC-10493,2026-01-03T09:31:00,notifications,ap-south-1,P3,0.24,431,0.742,0.306,3,False,  OOMKilled pod restart  ,medium
INC-10494,2026-01-03T09:38:00,gateway,eu-west-1,P4,0.173,427,,0.162,1,False,  5xx spike from dependency  ,low
INC-10495,2026-01-03T09:45:00,BILLING,us-west-2,P3,0.447,107,0.428,0.557,1,True,  healthcheck failing  ,medium
INC-10496,2026-01-03T09:52:00,auth-api,eu-west-1,P3,0.037,373,0.684,0.765,0,False,  rate limit exceeded  ,low
INC-10497,2026-01-03T09:59:00,payments,eu-west-1,P4,0.484,245,0.486,0.653,5,True,  5xx spike from dependency  ,medium
INC-10498,2026-01-03T10:06:00,auth-api,us-east-1,P2,0.118,366,0.637,0.838,6,True,  latency SLO breach  ,high
INC-10499,2026-01-03T10:13:00,billing,us-east-1,P2,0.345,736,0.594,0.617,0,True,  latency SLO breach  ,medium
INC-10500,2026-01-03T10:20:00,payments,us-west-2,P4,0.344,567,0.356,0.62,1,False,  rate limit exceeded  ,low
INC-10501,2026-01-03T10:27:00,gateway,ap-south-1,P1,0.442,323,0.585,0.655,4,True,  TLS handshake failure  ,high
INC-10502,2026-01-03T10:34:00,gateway,eu-west-1,P4,0.204,306,0.534,0.836,4,False,  rate limit exceeded  ,medium
INC-10503,2026-01-03T10:41:00,billing,eu-west-1,P4,0.518,687,0.508,0.461,2,True,  connection timeout to upstream  ,medium
INC-10504,2026-01-03T10:48:00,billing,us-east-1,P4,0.112,150,0.564,0.921,4,False,  healthcheck failing  ,low
INC-10505,2026-01-03T10:55:00,search,us-west-2,P4,0.148,193,0.417,0.643,4,False,  5xx spike from dependency  ,low
INC-10506,2026-01-03T11:02:00,AUTH-API,us-west-2,P4,0.45,467,0.539,0.319,3,False,  rate limit exceeded  ,medium
INC-10507,2026-01-03T11:09:00,billing,us-west-2,P3,0.102,529,0.451,0.533,0,True,  database connection pool exhausted  ,low
INC-10508,2026-01-03T11:16:00,gateway,us-east-1,P2,0.319,394,0.806,0.193,4,False,  TLS handshake failure  ,low
INC-10509,2026-01-03T11:23:00,auth-api,ap-south-1,P2,0.428,735,0.656,0.514,2,False,  latency SLO breach  ,medium
INC-10510,2026-01-03T11:30:00,auth-api,ap-south-1,P3,0.492,543,0.484,0.569,3,False,  rate limit exceeded  ,medium
INC-10511,2026-01-03T11:37:00,billing,ap-south-1,P3,0.352,87,0.514,0.651,1,False,  5xx spike from dependency  ,medium
INC-10512,2026-01-03T11:44:00,gateway,ap-south-1,P3,0.384,519,0.592,0.77,1,True,  5xx spike from dependency  ,medium
INC-10513,2026-01-03T11:51:00,auth-api,eu-west-1,P1,0.221,450,0.394,0.461,0,False,  connection timeout to upstream  ,medium
INC-10514,2026-01-03T11:58:00,search,eu-west-1,P3,0.353,802,0.695,0.681,5,False,  rate limit exceeded  ,medium
INC-10515,2026-01-03T12:05:00,billing,eu-west-1,P2,0.115,440,,0.786,1,False,  database connection pool exhausted  ,low
INC-10516,2026-01-03T12:12:00,payments,us-west-2,P3,0.019,5,0.533,0.719,1,True,  5xx spike from dependency  ,low
INC-10517,2026-01-03T12:19:00,PAYMENTS,us-west-2,P3,0.229,711,0.212,0.69,4,True,  healthcheck failing  ,medium
INC-10518,2026-01-03T12:26:00,auth-api,us-west-2,P3,0.126,704,1.0,0.554,3,True,  database connection pool exhausted  ,medium
INC-10519,2026-01-03T12:33:00,payments,us-east-1,P4,0.313,529,0.58,0.738,4,True,  OOMKilled pod restart  ,medium
INC-10520,2026-01-03T12:40:00,gateway,us-east-1,P4,0.474,84,0.147,1.0,2,False,  5xx spike from dependency  ,medium
INC-10521,2026-01-03T12:47:00,billing,eu-west-1,P4,0.171,847,0.698,0.581,5,True,  OOMKilled pod restart  ,medium
INC-10522,2026-01-03T12:54:00,gateway,us-east-1,P3,0.038,910,0.468,0.619,3,False,  OOMKilled pod restart  ,low
INC-10523,2026-01-03T13:01:00,notifications,us-east-1,P3,0.3,377,0.334,0.797,2,True,  latency SLO breach  ,medium
INC-10524,2026-01-03T13:08:00,payments,us-east-1,P2,0.173,649,0.382,0.76,2,False,  database connection pool exhausted  ,low
INC-10525,2026-01-03T13:15:00,payments,eu-west-1,P3,0.29,479,0.246,0.776,2,True,  5xx spike from dependency  ,medium
INC-10526,2026-01-03T13:22:00,payments,eu-west-1,P3,0.089,527,0.104,0.656,3,True,  latency SLO breach  ,medium
INC-10527,2026-01-03T13:29:00,search,eu-west-1,P4,0.564,230,0.805,0.87,2,True,  TLS handshake failure  ,medium
INC-10528,2026-01-03T13:36:00,PAYMENTS,us-west-2,P4,0.223,104,0.592,0.607,1,False,  healthcheck failing  ,low
INC-10529,2026-01-03T13:43:00,billing,us-east-1,P3,0.317,730,0.67,0.443,4,False,  TLS handshake failure  ,medium
INC-10530,2026-01-03T13:50:00,search,eu-west-1,P2,0.369,440,0.758,0.605,0,False,  connection timeout to upstream  ,medium
INC-10531,2026-01-03T13:57:00,notifications,eu-west-1,P2,0.352,373,0.619,0.579,1,True,  5xx spike from dependency  ,medium
INC-10532,2026-01-03T14:04:00,search,us-east-1,P2,0.266,564,0.572,0.751,1,True,  healthcheck failing  ,medium
INC-10533,2026-01-03T14:11:00,notifications,ap-south-1,P2,0.126,506,1.0,0.788,3,True,  OOMKilled pod restart  ,medium
INC-10534,2026-01-03T14:18:00,notifications,ap-south-1,P3,0.422,34,0.765,0.21,2,False,  connection timeout to upstream  ,low
INC-10535,2026-01-03T14:25:00,gateway,ap-south-1,P4,0.211,194,0.274,0.386,3,False,  healthcheck failing  ,low
INC-10536,2026-01-03T14:32:00,gateway,us-east-1,P3,0.553,901,,0.804,6,False,  latency SLO breach  ,high
INC-10537,2026-01-03T14:39:00,auth-api,us-east-1,P4,0.08,260,0.588,0.418,3,True,  healthcheck failing  ,medium
INC-10538,2026-01-03T14:46:00,auth-api,us-east-1,P3,0.461,819,0.845,0.461,5,False,  latency SLO breach  ,medium
INC-10539,2026-01-03T14:53:00,AUTH-API,eu-west-1,P3,0.118,138,0.595,0.683,2,False,  OOMKilled pod restart  ,low
INC-10540,2026-01-03T15:00:00,gateway,us-east-1,P3,0.075,326,0.572,0.455,1,False,  rate limit exceeded  ,low
INC-10541,2026-01-03T15:07:00,payments,us-east-1,P3,0.102,147,0.662,0.535,3,True,  latency SLO breach  ,medium
INC-10542,2026-01-03T15:14:00,billing,us-west-2,P4,0.081,688,0.615,0.664,1,False,  rate limit exceeded  ,low
INC-10543,2026-01-03T15:21:00,search,us-east-1,P2,0.245,352,0.38,0.728,6,False,  5xx spike from dependency  ,medium
INC-10544,2026-01-03T15:28:00,auth-api,eu-west-1,P4,0.245,296,0.206,0.806,1,True,  rate limit exceeded  ,low
INC-10545,2026-01-03T15:35:00,payments,us-east-1,P3,0.13,5,0.41,0.812,1,False,  latency SLO breach  ,low
INC-10546,2026-01-03T15:42:00,payments,ap-south-1,P1,0.229,,0.729,0.652,4,False,  TLS handshake failure  ,medium
INC-10547,2026-01-03T15:49:00,auth-api,us-west-2,P4,0.066,563,0.55,0.47,2,True,  latency SLO breach  ,low
INC-10548,2026-01-03T15:56:00,payments,us-west-2,P3,0.246,465,0.494,0.69,5,True,  5xx spike from dependency  ,medium
INC-10549,2026-01-03T16:03:00,billing,ap-south-1,P4,0.168,679,0.618,0.702,0,True,  latency SLO breach  ,medium
INC-10550,2026-01-03T16:10:00,AUTH-API,eu-west-1,P2,0.136,429,0.181,0.61,2,False,  OOMKilled pod restart  ,low
INC-10551,2026-01-03T16:17:00,billing,eu-west-1,P3,0.187,349,0.392,0.847,4,True,  healthcheck failing  ,medium
INC-10552,2026-01-03T16:24:00,auth-api,ap-south-1,P3,0.188,136,1.0,0.937,4,False,  OOMKilled pod restart  ,medium
INC-10553,2026-01-03T16:31:00,search,us-east-1,P2,0.239,651,0.283,0.266,2,True,  OOMKilled pod restart  ,medium
INC-10554,2026-01-03T16:38:00,notifications,ap-south-1,P2,0.341,857,0.435,0.908,3,False,  5xx spike from dependency  ,medium
INC-10555,2026-01-03T16:45:00,gateway,eu-west-1,P3,0.165,381,0.477,0.773,5,True,  OOMKilled pod restart  ,medium
INC-10556,2026-01-03T16:52:00,notifications,us-west-2,P2,0.24,753,0.747,0.437,4,True,  OOMKilled pod restart  ,medium
INC-10557,2026-01-03T16:59:00,notifications,ap-south-1,P2,0.152,676,0.577,0.658,4,True,  5xx spike from dependency  ,high
INC-10558,2026-01-03T17:06:00,auth-api,eu-west-1,P4,0.157,218,0.772,0.334,3,True,  connection timeout to upstream  ,low
INC-10559,2026-01-03T17:13:00,search,eu-west-1,P1,0.181,,0.703,0.567,0,False,  TLS handshake failure  ,medium
INC-10560,2026-01-03T17:20:00,gateway,ap-south-1,P4,0.43,619,0.616,0.56,3,False,  OOMKilled pod restart  ,medium
INC-10561,2026-01-03T17:27:00,SEARCH,us-east-1,P3,0.14,420,0.257,0.575,5,False,  TLS handshake failure  ,medium
INC-10562,2026-01-03T17:34:00,gateway,us-east-1,P4,0.386,463,0.372,0.998,1,False,  rate limit exceeded  ,low
INC-10563,2026-01-03T17:41:00,notifications,us-west-2,P2,0.188,558,,0.831,2,False,  healthcheck failing  ,medium
INC-10564,2026-01-03T17:48:00,search,ap-south-1,P4,0.359,764,0.443,1.0,6,True,  database connection pool exhausted  ,medium
INC-10565,2026-01-03T17:55:00,gateway,eu-west-1,P3,0.09,589,0.405,0.259,6,False,  rate limit exceeded  ,low
INC-10566,2026-01-03T18:02:00,auth-api,us-east-1,P4,0.374,661,0.505,0.615,4,True,  TLS handshake failure  ,medium
INC-10567,2026-01-03T18:09:00,notifications,eu-west-1,P4,0.064,5,0.54,0.595,5,False,  TLS handshake failure  ,low
INC-10568,2026-01-03T18:16:00,search,us-west-2,P4,0.248,484,0.396,0.653,5,True,  connection timeout to upstream  ,medium
INC-10569,2026-01-03T18:23:00,search,us-west-2,P4,0.088,274,0.661,0.415,2,False,  latency SLO breach  ,low
INC-10570,2026-01-03T18:30:00,auth-api,ap-south-1,P4,0.323,370,0.383,0.758,0,True,  TLS handshake failure  ,low
INC-10571,2026-01-03T18:37:00,billing,us-east-1,P3,0.183,532,0.825,0.47,2,True,  database connection pool exhausted  ,medium
INC-10572,2026-01-03T18:44:00,GATEWAY,us-east-1,P3,0.106,507,0.661,0.597,0,True,  OOMKilled pod restart  ,low
INC-10573,2026-01-03T18:51:00,notifications,ap-south-1,P3,0.218,898,,0.641,2,True,  database connection pool exhausted  ,medium
INC-10574,2026-01-03T18:58:00,search,us-east-1,P3,0.159,486,0.156,0.515,1,False,  5xx spike from dependency  ,low
INC-10575,2026-01-03T19:05:00,search,us-west-2,P3,0.335,485,0.772,0.735,0,False,  5xx spike from dependency  ,medium
INC-10576,2026-01-03T19:12:00,auth-api,us-east-1,P3,0.392,323,0.359,0.73,0,False,  latency SLO breach  ,medium
INC-10577,2026-01-03T19:19:00,auth-api,us-east-1,P2,0.319,285,0.625,0.666,3,False,  5xx spike from dependency  ,medium
INC-10578,2026-01-03T19:26:00,gateway,ap-south-1,P3,0.243,611,0.55,0.806,2,False,  OOMKilled pod restart  ,low
INC-10579,2026-01-03T19:33:00,billing,us-west-2,P3,0.477,220,0.56,0.716,1,False,  TLS handshake failure  ,medium
INC-10580,2026-01-03T19:40:00,gateway,us-west-2,P2,0.399,312,0.453,0.183,4,False,  latency SLO breach  ,medium
INC-10581,2026-01-03T19:47:00,notifications,ap-south-1,P4,0.435,574,0.667,0.378,1,False,  connection timeout to upstream  ,low
INC-10582,2026-01-03T19:54:00,payments,us-west-2,P4,0.168,213,0.649,0.934,5,False,  database connection pool exhausted  ,medium
INC-10583,2026-01-03T20:01:00,BILLING,eu-west-1,P4,0.178,415,0.651,0.412,0,False,  5xx spike from dependency  ,low
INC-10584,2026-01-03T20:08:00,notifications,us-west-2,P4,0.157,364,0.026,0.363,2,False,  database connection pool exhausted  ,low
INC-10585,2026-01-03T20:15:00,search,ap-south-1,P2,0.087,417,0.51,0.469,0,True,  database connection pool exhausted  ,low
INC-10586,2026-01-03T20:22:00,auth-api,us-east-1,P2,0.148,232,0.922,0.774,2,True,  5xx spike from dependency  ,medium
INC-10587,2026-01-03T20:29:00,notifications,ap-south-1,P2,0.069,5,0.91,0.273,0,False,  5xx spike from dependency  ,low
INC-10588,2026-01-03T20:36:00,billing,us-east-1,P3,0.269,277,0.232,0.611,6,False,  healthcheck failing  ,medium
INC-10589,2026-01-03T20:43:00,auth-api,eu-west-1,P4,0.494,317,0.058,0.562,1,False,  latency SLO breach  ,low
INC-10590,2026-01-03T20:50:00,gateway,us-east-1,P4,0.596,398,0.563,0.478,1,False,  healthcheck failing  ,medium
INC-10591,2026-01-03T20:57:00,payments,us-east-1,P1,0.027,96,0.362,0.833,2,False,  OOMKilled pod restart  ,medium
INC-10592,2026-01-03T21:04:00,gateway,ap-south-1,P3,0.455,52,0.868,0.461,2,False,  OOMKilled pod restart  ,medium
INC-10593,2026-01-03T21:11:00,notifications,eu-west-1,P1,0.721,719,0.69,0.74,2,False,  5xx spike from dependency  ,high
INC-10594,2026-01-03T21:18:00,NOTIFICATIONS,us-west-2,P3,0.249,446,0.138,0.192,2,False,  5xx spike from dependency  ,medium
INC-10595,2026-01-03T21:25:00,search,us-west-2,P2,0.46,283,0.311,0.404,3,True,  rate limit exceeded  ,medium
INC-10596,2026-01-03T21:32:00,payments,ap-south-1,P2,0.333,727,1.0,0.385,1,True,  connection timeout to upstream  ,medium
INC-10597,2026-01-03T21:39:00,auth-api,ap-south-1,P2,0.021,561,0.243,0.556,4,False,  connection timeout to upstream  ,medium
INC-10598,2026-01-03T21:46:00,payments,eu-west-1,P3,0.216,,0.607,0.657,3,False,  healthcheck failing  ,low
INC-10599,2026-01-03T21:53:00,search,eu-west-1,P3,0.212,735,0.402,0.362,3,False,  latency SLO breach  ,low
INC-10296,2026-01-02T10:32:00,search,eu-west-1,P1,0.182,739,0.738,0.59,4,False,  connection timeout to upstream  ,medium
INC-10046,2026-01-01T05:22:00,payments,us-east-1,P3,0.146,261,0.439,0.716,3,False,  rate limit exceeded  ,low
INC-10579,2026-01-03T19:33:00,billing,us-west-2,P3,0.477,220,0.56,0.716,1,False,  TLS handshake failure  ,medium
INC-10062,2026-01-01T07:14:00,gateway,us-east-1,P4,0.288,866,0.602,0.582,3,False,  healthcheck failing  ,medium
INC-10194,2026-01-01T22:38:00,gateway,eu-west-1,P3,0.435,541,0.672,0.843,0,False,  TLS handshake failure  ,low
INC-10407,2026-01-02T23:29:00,PAYMENTS,ap-south-1,P4,0.271,226,0.3,0.661,4,False,  TLS handshake failure  ,low
INC-10506,2026-01-03T11:02:00,AUTH-API,us-west-2,P4,0.45,467,0.539,0.319,3,False,  rate limit exceeded  ,medium
INC-10545,2026-01-03T15:35:00,payments,us-east-1,P3,0.13,5,0.41,0.812,1,False,  latency SLO breach  ,low
